{"class": 0, "precision0": 0.9921875, "precision1": 0.0, "recall0": 1.0, "recall1": 0.0, "fscore0": 0.996078431372549, "fscore1": 0.0, "prc10": [0.0078125, 1.0], "rec10": [1.0, 0.0], "auprc": 0.50390625, "fpr10": [0.0, 1.0], "tpr10": [0.0, 1.0], "auroc": 0.5}
{"class": 0, "precision0": 0.9937402190923318, "precision1": 0.0, "recall0": 1.0, "recall1": 0.0, "fscore0": 0.9968602825745684, "fscore1": 0.0, "prc10": [0.006259780907668232, 1.0], "rec10": [1.0, 0.0], "auprc": 0.5031298904538342, "fpr10": [0.0, 1.0], "tpr10": [0.0, 1.0], "auroc": 0.5}
{"class": 0, "precision0": 0.9921875, "precision1": 0.0, "recall0": 1.0, "recall1": 0.0, "fscore0": 0.996078431372549, "fscore1": 0.0, "prc10": [0.0078125, 1.0], "rec10": [1.0, 0.0], "auprc": 0.50390625, "fpr10": [0.0, 1.0], "tpr10": [0.0, 1.0], "auroc": 0.5}
{"class": 0, "precision0": 0.9937304075235109, "precision1": 0.0, "recall0": 1.0, "recall1": 0.0, "fscore0": 0.9968553459119497, "fscore1": 0.0, "prc10": [0.006269592476489028, 1.0], "rec10": [1.0, 0.0], "auprc": 0.5031347962382445, "fpr10": [0.0, 1.0], "tpr10": [0.0, 1.0], "auroc": 0.5}
{"class": 0, "precision0": 0.9937304075235109, "precision1": 0.0, "recall0": 1.0, "recall1": 0.0, "fscore0": 0.9968553459119497, "fscore1": 0.0, "prc10": [0.006269592476489028, 1.0], "rec10": [1.0, 0.0], "auprc": 0.5031347962382445, "fpr10": [0.0, 1.0], "tpr10": [0.0, 1.0], "auroc": 0.5}
